Workbook

Sheet Assumptions
A1: PROTOTYPE INPUTS, NOT DATA. Every blue number is an assumption to replace with real pilot figures. Nothing here is a measured result.
A2: Jurrgun pilot forecast: assumptions
A3: Edit only the blue cells in column B. Yellow cells are the key levers. Every other sheet is formulas.
A5: Assumption | B5: Value | C5: Unit | D5: Source
A6: Pilot length | B6: 8 | C6: weeks | D6: pilot plan §01 (8-week pilot)
A7: Table Hosts at week 1 | B7: 12 | C7: hosts | D7: pilot plan §02: recruit 12 to 16 Table Hosts (low end)
A8: New hosts approved per week | B8: 1 | C8: hosts/week | D8: prototype input
A9: Host drop-off per week | B9: 0.05 | C9: share | D9: prototype input
A10: Tables per host per week | B10: 0.5 | C10: tables | D10: pilot plan §02: one fortnightly Regular Table each
A11: Other tables per week (newcomer slots, quests, go-together) | B11: 6 | C11: tables/week | D11: prototype input (plan asks ≥3 a week per district across 4 districts, partly host-run)
A12: Seats per table | B12: 5 | C12: seats | D12: pilot plan: tables of 4 to 6
A13: Closed-beta members at week 1 | B13: 80 | C13: members | D13: pilot plan §02: closed beta of 60 to 100
A14: New sign-ups in week 1 | B14: 40 | C14: members | D14: prototype input
A15: Sign-up growth per week | B15: 0.1 | C15: share | D15: prototype input
A16: Registration → first RSVP (within the week) | B16: 0.4 | C16: share | D16: prototype input, set at the plan target (≥40%)
A17: Repeat RSVPs per active member per week | B17: 0.25 | C17: RSVPs | D17: prototype input
... A21: Checked in → ≥1 mutual connection | B21: 0.5 | C21: share | D21: prototype input, set at the plan target (≥50%)
A23: Legend
A24: Blue = input (edit). Black = formula. Green = link to another sheet. Yellow fill = key lever.
A25: Example of a real input once the pilot runs: Table Hosts at week 1 = the count of approved hosts on /admin, e.g. 14.

Sheet Weekly
A1: PROTOTYPE INPUTS, NOT DATA. Every blue number is an assumption to replace with real pilot figures. Nothing here is a measured result.
A2: Week by week, weeks 1 to 8 (all formulas from Assumptions)
A4: Week | B4: Table Hosts | C4: Tables | D4: Seats | E4: New sign-ups | F4: Active members (start of week) | G4: First RSVPs (new members) | H4: Repeat RSVPs | I4: RSVP demand | J4: RSVPs seated | K4: Fill (RSVPs ÷ seats) | L4: Check-ins | M4: Returning check-ins | N4: Reconnected members (north star) | O4: Checked in with ≥1 mutual connection
A5: 1 | B5: =Assumptions!$B$7 -> 12 | C5: =B5*Assumptions!$B$10+Assumptions!$B$11 -> 12 | D5: =C5*Assumptions!$B$12 -> 60 | E5: =Assumptions!$B$14*(1+Assumptions!$B$15)^(A5-1) -> 40 | F5: =Assumptions!$B$13 -> 80 | G5: =E5*Assumptions!$B$16 -> 16 | H5: =F5*Assumptions!$B$17 -> 20 | I5: =G5+H5 -> 36 | J5: =MIN(I5,D5) -> 36 | K5: =IF(D5=0,0,J5/D5) -> 0.6 | L5: =J5*Assumptions!$B$19 -> 25.2 | M5: =IF(I5=0,0,L5*H5/I5) -> 14 | N5: =M5*Assumptions!$B$20 -> 7.7 | O5: =L5*Assumptions!$B$21 -> 12.6
A6: 2 | B6: =B5*(1-Assumptions!$B$9)+Assumptions!$B$8 -> 12.4 | C6: =B6*Assumptions!$B$10+Assumptions!$B$11 -> 12.2 | D6: =C6*Assumptions!$B$12 -> 61 | E6: =Assumptions!$B$14*(1+Assumptions!$B$15)^(A6-1) -> 44 | F6: =F5*(1-Assumptions!$B$18)+E5 -> 113.6 | G6: =E6*Assumptions!$B$16 -> 17.6 | H6: =F6*Assumptions!$B$17 -> 28.4 | I6: =G6+H6 -> 46 | J6: =MIN(I6,D6) -> 46 | K6: =IF(D6=0,0,J6/D6) -> 0.75409836 | L6: =J6*Assumptions!$B$19 -> 32.2 | M6: =IF(I6=0,0,L6*H6/I6) -> 19.88 | N6: =M6*Assumptions!$B$20 -> 10.934 | O6: =L6*Assumptions!$B$21 -> 16.1
A7: 3 | B7: =B6*(1-Assumptions!$B$9)+Assumptions!$B$8 -> 12.78 | C7: =B7*Assumptions!$B$10+Assumptions!$B$11 -> 12.39 | D7: =C7*Assumptions!$B$12 -> 61.95 | E7: =Assumptions!$B$14*(1+Assumptions!$B$15)^(A7-1) -> 48.4 | F7: =F6*(1-Assumptions!$B$18)+E6 -> 148.512 | G7: =E7*Assumptions!$B$16 -> 19.36 | H7: =F7*Assumptions!$B$17 -> 37.128 | I7: =G7+H7 -> 56.488 | J7: =MIN(I7,D7) -> 56.488 | K7: =IF(D7=0,0,J7/D7) -> 0.91183212 | L7: =J7*Assumptions!$B$19 -> 39.5416 | M7: =IF(I7=0,0,L7*H7/I7) -> 25.9896 | N7: =M7*Assumptions!$B$20 -> 14.29428 | O7: =L7*Assumptions!$B$21 -> 19.7708
A8: 4 | B8: =B7*(1-Assumptions!$B$9)+Assumptions!$B$8 -> 13.141 | C8: =B8*Assumptions!$B$10+Assumptions!$B$11 -> 12.5705 | D8: =C8*Assumptions!$B$12 -> 62.8525 | E8: =Assumptions!$B$14*(1+Assumptions!$B$15)^(A8-1) -> 53.24 | F8: =F7*(1-Assumptions!$B$18)+E7 -> 185.03104 | G8: =E8*Assumptions!$B$16 -> 21.296 | H8: =F8*Assumptions!$B$17 -> 46.25776 | I8: =G8+H8 -> 67.55376 | J8: =MIN(I8,D8) -> 62.8525 | K8: =IF(D8=0,0,J8/D8) -> 1 | L8: =J8*Assumptions!$B$19 -> 43.99675 | M8: =IF(I8=0,0,L8*H8/I8) -> 30.126985 | N8: =M8*Assumptions!$B$20 -> 16.569842 | O8: =L8*Assumptions!$B$21 -> 21.998375
A9: 5 | B9: =B8*(1-Assumptions!$B$9)+Assumptions!$B$8 -> 13.48395 | C9: =B9*Assumptions!$B$10+Assumptions!$B$11 -> 12.741975 | D9: =C9*Assumptions!$B$12 -> 63.709875 | E9: =Assumptions!$B$14*(1+Assumptions!$B$15)^(A9-1) -> 58.564 | F9: =F8*(1-Assumptions!$B$18)+E8 -> 223.46856 | G9: =E9*Assumptions!$B$16 -> 23.4256 | H9: =F9*Assumptions!$B$17 -> 55.867139 | I9: =G9+H9 -> 79.292739 | J9: =MIN(I9,D9) -> 63.709875 | K9: =IF(D9=0,0,J9/D9) -> 1 | L9: =J9*Assumptions!$B$19 -> 44.596913 | M9: =IF(I9=0,0,L9*H9/I9) -> 31.421564 | N9: =M9*Assumptions!$B$20 -> 17.28186 | O9: =L9*Assumptions!$B$21 -> 22.298456
A10: 6 | B10: =B9*(1-Assumptions!$B$9)+Assumptions!$B$8 -> 13.809753 | C10: =B10*Assumptions!$B$10+Assumptions!$B$11 -> 12.904876 | D10: =C10*Assumptions!$B$12 -> 64.524381 | E10: =Assumptions!$B$14*(1+Assumptions!$B$15)^(A10-1) -> 64.4204 | F10: =F9*(1-Assumptions!$B$18)+E9 -> 264.15507 | G10: =E10*Assumptions!$B$16 -> 25.76816 | H10: =F10*Assumptions!$B$17 -> 66.038768 | I10: =G10+H10 -> 91.806928 | J10: =MIN(I10,D10) -> 64.524381 | K10: =IF(D10=0,0,J10/D10) -> 1 | L10: =J10*Assumptions!$B$19 -> 45.167067 | M10: =IF(I10=0,0,L10*H10/I10) -> 32.489677 | N10: =M10*Assumptions!$B$20 -> 17.869322 | O10: =L10*Assumptions!$B$21 -> 22.583533
A11: 7 | B11: =B10*(1-Assumptions!$B$9)+Assumptions!$B$8 -> 14.119265 | C11: =B11*Assumptions!$B$10+Assumptions!$B$11 -> 13.059632 | D11: =C11*Assumptions!$B$12 -> 65.298162 | E11: =Assumptions!$B$14*(1+Assumptions!$B$15)^(A11-1) -> 70.86244 | F11: =F10*(1-Assumptions!$B$18)+E10 -> 307.44307 | G11: =E11*Assumptions!$B$16 -> 28.344976 | H11: =F11*Assumptions!$B$17 -> 76.860767 | I11: =G11+H11 -> 105.20574 | J11: =MIN(I11,D11) -> 65.298162 | K11: =IF(D11=0,0,J11/D11) -> 1 | L11: =J11*Assumptions!$B$19 -> 45.708714 | M11: =IF(I11=0,0,L11*H11/I11) -> 33.393679 | N11: =M11*Assumptions!$B$20 -> 18.366523 | O11: =L11*Assumptions!$B$21 -> 22.854357
A12: 8 | B12: =B11*(1-Assumptions!$B$9)+Assumptions!$B$8 -> 14.413302 | C12: =B12*Assumptions!$B$10+Assumptions!$B$11 -> 13.206651 | D12: =C12*Assumptions!$B$12 -> 66.033254 | E12: =Assumptions!$B$14*(1+Assumptions!$B$15)^(A12-1) -> 77.948684 | F12: =F11*(1-Assumptions!$B$18)+E11 -> 353.71006 | G12: =E12*Assumptions!$B$16 -> 31.179474 | H12: =F12*Assumptions!$B$17 -> 88.427515 | I12: =G12+H12 -> 119.60699 | J12: =MIN(I12,D12) -> 66.033254 | K12: =IF(D12=0,0,J12/D12) -> 1 | L12: =J12*Assumptions!$B$19 -> 46.223278 | M12: =IF(I12=0,0,L12*H12/I12) -> 34.173669 | N12: =M12*Assumptions!$B$20 -> 18.795518 | O12: =L12*Assumptions!$B$21 -> 23.111639
A13: Total / week 8 | C13: =SUM(C5:C12) -> 101.07363 | D13: =SUM(D5:D12) -> 505.36817 | E13: =SUM(E5:E12) -> 457.43552 | J13: =SUM(J5:J12) -> 460.90617 | K13: =IF(D13=0,0,J13/D13) -> 0.91202058 | L13: =SUM(L5:L12) -> 322.63432 | N13: =N12 -> 18.795518
A15: Notes
A16: RSVPs seated is capped at seats: demand above that is lost, not queued (a waitlist would raise later weeks).
A17: Returning check-ins = check-ins × repeat share of demand. Reconnected = returning check-ins × 'sits with someone met before'.
A18: Week 8 reconnected is the figure compared with the plan's ≥ 60 a week. The live figure is weeklyReconnected (src/routes/admin/dashboard.tsx).
A19: Check-ins approximate members: one member rarely checks in twice in one week.

Sheet Funnel
A1: PROTOTYPE INPUTS, NOT DATA. Every blue number is an assumption to replace with real pilot figures. Nothing here is a measured result.
A2: Funnel over the 8 weeks, each step mapped to its real metric
A4: Step | B4: Forecast (8 weeks) | C4: Rate vs step before | D4: Real metric in the app | E4: Where
A5: New sign-ups | B5: =Weekly!E13 -> 457.43552 | D5: Accounts created in the window | E5: insights.tsx: Registration → first RSVP base
A6: First RSVPs | B6: =SUM(Weekly!G5:G12) -> 182.97421 | C6: =IF(B5=0,0,B6/B5) -> 0.4 | D6: Registration → first RSVP (target ≥ 40%) | E6: insights.tsx KPI 'Registration → first RSVP'
A7: All RSVPs seated | B7: =Weekly!J13 -> 460.90617 | D7: Registrations (expected attendance) | E7: insights.tsx attendance: expected
A8: Seats offered | B8: =Weekly!D13 -> 505.36817 | D8: Seats on published tables. NOT TRACKED YET as a KPI | E8: gap: no fill KPI in insights.tsx
A9: Fill (RSVPs ÷ seats) | B9: =IF(B8=0,0,B7/B8) -> 0.91202058 | D9: Table fill (target ≥ 60%). NOT TRACKED YET | E9: gap: add RSVPs ÷ seats to insights.tsx
A10: Check-ins | B10: =Weekly!L13 -> 322.63432 | C10: =IF(B7=0,0,B10/B7) -> 0.7 | D10: RSVP → check-in (target ≥ 70%) | E10: insights.tsx KPI 'RSVP → check-in'
A11: Checked in with ≥1 mutual connection | B11: =SUM(Weekly!O5:O12) -> 161.31716 | C11: =IF(B10=0,0,B11/B10) -> 0.5 | D11: Checked-in with ≥1 mutual connection (target ≥ 50%) | E11: insights.tsx KPI
A12: Reconnected members, week 8 | B12: =Weekly!N12 -> 18.795518 | D12: Weekly Reconnected Members (target ≥ 60 a week by week 8) | E12: dashboard.tsx weeklyReconnected

Sheet Targets vs live
A1: PROTOTYPE INPUTS, NOT DATA. Every blue number is an assumption to replace with real pilot figures. Nothing here is a measured result.
A2: Pilot targets vs forecast vs live
A3: Live column: type the figure from /admin/insights or the /admin trend (blue). Blank means not measured yet.
A5: Metric | B5: Target | C5: Direction | D5: Forecast | E5: Live (from the app) | F5: Forecast meets target? | G5: Live meets target?
A6: Weekly Reconnected Members, week 8 | B6: 60 | C6: >= | D6: =Funnel!B12 -> 18.795518 | F6: =IF(D6>=B6,"yes","no") -> no | G6: =IF(E6="","not measured",IF(E6>=B6,"yes","no")) -> not measured
A7: Members in the pilot (beta + sign-ups) | B7: 300 | C7: >= | D7: =Assumptions!$B$13+Weekly!E13 -> 537.43552 | F7: =IF(D7>=B7,"yes","no") -> yes | G7: =IF(E7="","not measured",IF(E7>=B7,"yes","no")) -> not measured
A8: Registration → first RSVP | B8: 0.4 | C8: >= | D8: =Funnel!C6 -> 0.4 | F8: =IF(D8>=B8,"yes","no") -> yes | G8: =IF(E8="","not measured",IF(E8>=B8,"yes","no")) -> not measured
A9: RSVP → check-in | B9: 0.7 | C9: >= | D9: =Funnel!C10 -> 0.7 | F9: =IF(D9>=B9,"yes","no") -> yes | G9: =IF(E9="","not measured",IF(E9>=B9,"yes","no")) -> not measured
A10: Table fill (RSVPs ÷ seats) | B10: 0.6 | C10: >= | D10: =Funnel!B9 -> 0.91202058 | F10: =IF(D10>=B10,"yes","no") -> yes | G10: =IF(E10="","not measured",IF(E10>=B10,"yes","no")) -> not measured
A11: Checked in → mutual connection | B11: 0.5 | C11: >= | D11: =Funnel!C11 -> 0.5 | F11: =IF(D11>=B11,"yes","no") -> yes | G11: =IF(E11="","not measured",IF(E11>=B11,"yes","no")) -> not measured
A13: Targets not modelled here: felt safe ≥ 90%, harassment < 1 per 100 attendees, ≥ 50 pieces of UGC (pilot plan).
A14: Live figures are BMA-safe aggregates: under 10 shows as "<10" in the app; leave the cell blank then.
A16: What it would take to reach the week-8 target
A17: Repeat share of week-8 demand | B17: =IF(Weekly!I12=0,0,Weekly!H12/Weekly!I12) -> 0.73931729
A18: RSVPs seated needed in week 8 | B18: =IF(B17*Assumptions!$B$19*Assumptions!$B$20=0,0,B6/(B17*Assumptions!$B$19*Assumptions!$B$20)) -> 210.79468
A19: Tables needed in week 8 (all seats filled) | B19: =B18/Assumptions!$B$12 -> 42.158937
A20: Table Hosts needed in week 8 | B20: =MAX(0,(B19-Assumptions!$B$11)/Assumptions!$B$10) -> 72.317874
A21: Table Hosts in the forecast, week 8 | B21: =Weekly!B12 -> 14.413302
A22: Reads: at today's assumptions, seats run out from week 4, so supply (hosts and tables), not sign-ups, limits the north star.

Sheet Hosts needed
A1: PROTOTYPE INPUTS, NOT DATA. Every blue number is an assumption to replace with real pilot figures. Nothing here is a measured result.
A2: Hosts needed: week-8 reconnected members for hosts × tables per fortnight × seats
A3: Each cell: steady weekly reconnected = seats a week × fill × RSVP→check-in × repeat share × 'sits with someone met before'. Change the blue levers; cells at or above the target turn green.
A5: Fill assumed (sold-out tables are capped at 100%) | B5: 0.9 | C5: prototype input
A6: Repeat share of RSVPs (from Weekly, week 8) | B6: =IF(Weekly!I12=0,0,Weekly!H12/Weekly!I12) -> 0.73931729
A7: Target: reconnected a week | B7: ='Targets vs live'!B6 -> 60
A8: Other tables a week (not host-run) | B8: =Assumptions!$B$11 -> 6
A10: Seats per table = 6 | B10: 6
A11: Table Hosts ↓ / tables per host per fortnight → | B11: 1 | C11: 2
A12: 12 | B12: =($A12*B$11/2+$B$8)*$B$10*MIN(1,$B$5)*Assumptions!$B$19*$B$6*Assumptions!$B$20 -> 18.444488 | C12: =($A12*C$11/2+$B$8)*$B$10*MIN(1,$B$5)*Assumptions!$B$19*$B$6*Assumptions!$B$20 -> 27.666732
A13: 16 | B13: =($A13*B$11/2+$B$8)*$B$10*MIN(1,$B$5)*Assumptions!$B$19*$B$6*Assumptions!$B$20 -> 21.518569 | C13: =($A13*C$11/2+$B$8)*$B$10*MIN(1,$B$5)*Assumptions!$B$19*$B$6*Assumptions!$B$20 -> 33.814894
A14: 24 | B14: =($A14*B$11/2+$B$8)*$B$10*MIN(1,$B$5)*Assumptions!$B$19*$B$6*Assumptions!$B$20 -> 27.666732 | C14: =($A14*C$11/2+$B$8)*$B$10*MIN(1,$B$5)*Assumptions!$B$19*$B$6*Assumptions!$B$20 -> 46.11122
A15: 32 | B15: =($A15*B$11/2+$B$8)*$B$10*MIN(1,$B$5)*Assumptions!$B$19*$B$6*Assumptions!$B$20 -> 33.814894 | C15: =($A15*C$11/2+$B$8)*$B$10*MIN(1,$B$5)*Assumptions!$B$19*$B$6*Assumptions!$B$20 -> 58.407545
A16: 48 | B16: =($A16*B$11/2+$B$8)*$B$10*MIN(1,$B$5)*Assumptions!$B$19*$B$6*Assumptions!$B$20 -> 46.11122 | C16: =($A16*C$11/2+$B$8)*$B$10*MIN(1,$B$5)*Assumptions!$B$19*$B$6*Assumptions!$B$20 -> 83.000195
A17: 64 | B17: =($A17*B$11/2+$B$8)*$B$10*MIN(1,$B$5)*Assumptions!$B$19*$B$6*Assumptions!$B$20 -> 58.407545 | C17: =($A17*C$11/2+$B$8)*$B$10*MIN(1,$B$5)*Assumptions!$B$19*$B$6*Assumptions!$B$20 -> 107.59285
A18: 80 | B18: =($A18*B$11/2+$B$8)*$B$10*MIN(1,$B$5)*Assumptions!$B$19*$B$6*Assumptions!$B$20 -> 70.70387 | C18: =($A18*C$11/2+$B$8)*$B$10*MIN(1,$B$5)*Assumptions!$B$19*$B$6*Assumptions!$B$20 -> 132.1855
A20: Seats per table = 8 | B20: 8
A21: Table Hosts ↓ / tables per host per fortnight → | B21: 1 | C21: 2
A22: 12 | B22: =($A22*B$21/2+$B$8)*$B$20*MIN(1,$B$5)*Assumptions!$B$19*$B$6*Assumptions!$B$20 -> 24.59265 | C22: =($A22*C$21/2+$B$8)*$B$20*MIN(1,$B$5)*Assumptions!$B$19*$B$6*Assumptions!$B$20 -> 36.888976
A23: 16 | B23: =($A23*B$21/2+$B$8)*$B$20*MIN(1,$B$5)*Assumptions!$B$19*$B$6*Assumptions!$B$20 -> 28.691426 | C23: =($A23*C$21/2+$B$8)*$B$20*MIN(1,$B$5)*Assumptions!$B$19*$B$6*Assumptions!$B$20 -> 45.086526
A24: 24 | B24: =($A24*B$21/2+$B$8)*$B$20*MIN(1,$B$5)*Assumptions!$B$19*$B$6*Assumptions!$B$20 -> 36.888976 | C24: =($A24*C$21/2+$B$8)*$B$20*MIN(1,$B$5)*Assumptions!$B$19*$B$6*Assumptions!$B$20 -> 61.481626
A25: 32 | B25: =($A25*B$21/2+$B$8)*$B$20*MIN(1,$B$5)*Assumptions!$B$19*$B$6*Assumptions!$B$20 -> 45.086526 | C25: =($A25*C$21/2+$B$8)*$B$20*MIN(1,$B$5)*Assumptions!$B$19*$B$6*Assumptions!$B$20 -> 77.876726
A26: 48 | B26: =($A26*B$21/2+$B$8)*$B$20*MIN(1,$B$5)*Assumptions!$B$19*$B$6*Assumptions!$B$20 -> 61.481626 | C26: =($A26*C$21/2+$B$8)*$B$20*MIN(1,$B$5)*Assumptions!$B$19*$B$6*Assumptions!$B$20 -> 110.66693
A27: 64 | B27: =($A27*B$21/2+$B$8)*$B$20*MIN(1,$B$5)*Assumptions!$B$19*$B$6*Assumptions!$B$20 -> 77.876726 | C27: =($A27*C$21/2+$B$8)*$B$20*MIN(1,$B$5)*Assumptions!$B$19*$B$6*Assumptions!$B$20 -> 143.45713
A28: 80 | B28: =($A28*B$21/2+$B$8)*$B$20*MIN(1,$B$5)*Assumptions!$B$19*$B$6*Assumptions!$B$20 -> 94.271827 | C28: =($A28*C$21/2+$B$8)*$B$20*MIN(1,$B$5)*Assumptions!$B$19*$B$6*Assumptions!$B$20 -> 176.24733
A30: 1 table per fortnight = today's Regular Table rhythm; 2 = every host runs a table every week. Hosts here replace the Weekly sheet's host build-up: this is a steady week, not week 8 of a ramp.
